nr,deutsch,latein,region,status,confidence,matchId,matchName,triggerpoints
"1","Stirnmuskel","Musculus frontalis","Kopf / Gesicht","vorhanden","hoch","occipitofrontalis","M. occipitofrontalis","2"
"2","Hinterhauptmuskel","Musculus occipitalis","Kopf","vorhanden","hoch","occipitofrontalis","M. occipitofrontalis","2"
"3","Augenringmuskel","Musculus orbicularis oculi","Kopf / Gesicht","fehlt","niedrig","","",""
"4","Mundringmuskel","Musculus orbicularis oris","Kopf / Gesicht","fehlt","niedrig","","",""
"5","Großer Jochbeinmuskel","Musculus zygomaticus major","Kopf / Gesicht","fehlt","niedrig","","",""
"6","Kleiner Jochbeinmuskel","Musculus zygomaticus minor","Kopf / Gesicht","fehlt","niedrig","","",""
"7","Wangenmuskel","Musculus buccinator","Kopf / Gesicht","fehlt","niedrig","","",""
"8","Kaumuskel","Musculus masseter","Kopf / Kiefer","vorhanden","hoch","masseter","M. masseter","3"
"9","Schläfenmuskel","Musculus temporalis","Kopf / Kiefer","vorhanden","hoch","temporalis","M. temporalis","3"
"10","Innerer Flügelmuskel","Musculus pterygoideus medialis","Kopf / Kiefer","vorhanden","hoch","medial-pterygoid","M. medial pterygoid","2"
"11","Äußerer Flügelmuskel","Musculus pterygoideus lateralis","Kopf / Kiefer","vorhanden","hoch","lateral-pterygoid","M. lateral pterygoid","1"
"12","Kopfwender","Musculus sternocleidomastoideus","Hals","vorhanden","hoch","sternocleidomastoid","SCM","2"
"13","Vorderer Treppenmuskel","Musculus scalenus anterior","Hals","vorhanden","hoch","scalene-anterior","M. scalene anterior","1"
"14","Mittlerer Treppenmuskel","Musculus scalenus medius","Hals","vorhanden","hoch","scalene-medius","M. scalene medius","1"
"15","Hinterer Treppenmuskel","Musculus scalenus posterior","Hals","vorhanden","hoch","scalene-posterior","M. scalene posterior","1"
"16","Langer Kopfmuskel","Musculus longus capitis","Hals","fehlt","niedrig","","",""
"17","Langer Halsmuskel","Musculus longus colli","Hals","fehlt","niedrig","","",""
"18","Riemenmuskel des Kopfes","Musculus splenius capitis","Nacken","vorhanden","hoch","splenius-capitis","M. splenius capitis","3"
"19","Riemenmuskel des Halses","Musculus splenius cervicis","Nacken","vorhanden","hoch","splenius-cervicis","M. splenius cervicis","2"
"20","Halbdornmuskel des Kopfes","Musculus semispinalis capitis","Nacken","vorhanden","hoch","semispinalis-capitis","M. semispinalis capitis","3"
"21","Kapuzenmuskel","Musculus trapezius","Nacken / Schulter / Rücken","vorhanden","hoch","upper-trapezius","M. trapezius pars descendens","2"
"22","Schulterblattheber","Musculus levator scapulae","Schulter / Nacken","vorhanden","hoch","levator-scapulae","M. levator scapulae","2"
"23","Kleiner Rautenmuskel","Musculus rhomboideus minor","Oberer Rücken","vorhanden","hoch","rhomboid-minor","M. rhomboid minor","1"
"24","Großer Rautenmuskel","Musculus rhomboideus major","Oberer Rücken","vorhanden","hoch","rhomboid-major","M. rhomboid major","1"
"25","Großer Brustmuskel","Musculus pectoralis major","Brust","vorhanden","hoch","pectoralis-major","M. pectoralis major","3"
"26","Kleiner Brustmuskel","Musculus pectoralis minor","Brust / Schultergürtel","vorhanden","hoch","pectoralis-minor","M. pectoralis minor","1"
"27","Vorderer Sägemuskel","Musculus serratus anterior","Brustkorb / Schultergürtel","vorhanden","hoch","serratus-anterior","M. serratus anterior","1"
"28","Äußerer Zwischenrippenmuskel","Musculus intercostalis externus","Brustkorb","fehlt","niedrig","","",""
"29","Innerer Zwischenrippenmuskel","Musculus intercostalis internus","Brustkorb","fehlt","niedrig","","",""
"30","Zwerchfell","Diaphragma","Brustkorb / Rumpf","fehlt","niedrig","","",""
"31","Breitester Rückenmuskel","Musculus latissimus dorsi","Rücken","vorhanden","hoch","latissimus-dorsi","M. latissimus dorsi","1"
"32","Oberer hinterer Sägemuskel","Musculus serratus posterior superior","Rücken / Brustkorb","fehlt","niedrig","","",""
"33","Unterer hinterer Sägemuskel","Musculus serratus posterior inferior","Rücken / Brustkorb","fehlt","niedrig","","",""
"34","Darmbein-Rippen-Muskel der Lende","Musculus iliocostalis lumborum","Rücken","fehlt","niedrig","","",""
"35","Darmbein-Rippen-Muskel des Brustkorbs","Musculus iliocostalis thoracis","Rücken","fehlt","niedrig","","",""
"36","Darmbein-Rippen-Muskel des Halses","Musculus iliocostalis cervicis","Rücken / Nacken","fehlt","niedrig","","",""
"37","Längster Muskel des Brustkorbs","Musculus longissimus thoracis","Rücken","fehlt","niedrig","","",""
"38","Längster Muskel des Halses","Musculus longissimus cervicis","Rücken / Nacken","fehlt","niedrig","","",""
"39","Längster Muskel des Kopfes","Musculus longissimus capitis","Nacken","vorhanden","hoch","longissimus-capitis","M. longissimus capitis","1"
"40","Dornmuskel des Brustkorbs","Musculus spinalis thoracis","Rücken","fehlt","niedrig","","",""
"41","Vielgeteilter Muskel","Musculus multifidus","Wirbelsäule / Rücken","vorhanden","hoch","cervical-multifidus","M. multifidus cervicis","2"
"42","Rotatorenmuskeln","Musculi rotatores","Wirbelsäule / Rücken","vorhanden","hoch","cervical-rotatores","M. rotatores cervicis","2"
"43","Zwischendornmuskeln","Musculi interspinales","Wirbelsäule / Rücken","fehlt","niedrig","","",""
"44","Zwischenquerfortsatzmuskeln","Musculi intertransversarii","Wirbelsäule / Rücken","fehlt","niedrig","","",""
"45","Gerader Bauchmuskel","Musculus rectus abdominis","Bauch","fehlt","niedrig","","",""
"46","Äußerer schräger Bauchmuskel","Musculus obliquus externus abdominis","Bauch","fehlt","niedrig","","",""
"47","Innerer schräger Bauchmuskel","Musculus obliquus internus abdominis","Bauch","fehlt","niedrig","","",""
"48","Querer Bauchmuskel","Musculus transversus abdominis","Bauch","fehlt","niedrig","","",""
"49","Quadratischer Lendenmuskel","Musculus quadratus lumborum","Unterer Rücken / Bauch","vorhanden","hoch","quadratus-lumborum","M. quadratus lumborum","1"
"50","Pyramidenmuskel","Musculus pyramidalis","Unterbauch","fehlt","niedrig","","",""
"51","Deltamuskel","Musculus deltoideus","Schulter","vorhanden","hoch","deltoid","M. deltoid","3"
"52","Obergrätenmuskel","Musculus supraspinatus","Schulter","vorhanden","hoch","supraspinatus","M. supraspinatus","1"
"53","Untergrätenmuskel","Musculus infraspinatus","Schulter","vorhanden","hoch","infraspinatus","M. infraspinatus","1"
"54","Kleiner Rundmuskel","Musculus teres minor","Schulter","vorhanden","hoch","teres-minor","M. teres minor","1"
"55","Großer Rundmuskel","Musculus teres major","Schulter / Rücken","vorhanden","hoch","teres-major","M. teres major","1"
"56","Unterschulterblattmuskel","Musculus subscapularis","Schulter","vorhanden","hoch","subscapularis","M. subscapularis","1"
"57","Zweiköpfiger Oberarmmuskel","Musculus biceps brachii","Oberarm","vorhanden","hoch","biceps-brachii","M. biceps brachii","1"
"58","Oberarmmuskel","Musculus brachialis","Oberarm","vorhanden","hoch","brachialis","M. brachialis","1"
"59","Rabenschnabel-Oberarm-Muskel","Musculus coracobrachialis","Oberarm / Schulter","vorhanden","hoch","coracobrachialis","M. coracobrachialis","1"
"60","Dreiköpfiger Oberarmmuskel","Musculus triceps brachii","Oberarm","vorhanden","hoch","triceps-brachii","M. triceps brachii","2"
"61","Ellenbogenmuskel","Musculus anconeus","Ellenbogen / Unterarm","fehlt","niedrig","","",""
"62","Oberarmspeichenmuskel","Musculus brachioradialis","Unterarm","vorhanden","hoch","brachioradialis","M. brachioradialis","1"
"63","Runder Einwärtsdreher","Musculus pronator teres","Unterarm","vorhanden","hoch","pronator-teres","M. pronator teres","1"
"64","Quadratischer Einwärtsdreher","Musculus pronator quadratus","Unterarm","fehlt","niedrig","","",""
"65","Auswärtsdreher","Musculus supinator","Unterarm","fehlt","niedrig","","",""
"66","Speichenseitiger Handbeuger","Musculus flexor carpi radialis","Unterarm / Handgelenk","fehlt","niedrig","","",""
"67","Ellenseitiger Handbeuger","Musculus flexor carpi ulnaris","Unterarm / Handgelenk","fehlt","niedrig","","",""
"68","Langer Hohlhandmuskel","Musculus palmaris longus","Unterarm / Hand","fehlt","niedrig","","",""
"69","Oberflächlicher Fingerbeuger","Musculus flexor digitorum superficialis","Unterarm / Hand","fehlt","niedrig","","",""
"70","Tiefer Fingerbeuger","Musculus flexor digitorum profundus","Unterarm / Hand","fehlt","niedrig","","",""
"71","Langer Daumenbeuger","Musculus flexor pollicis longus","Unterarm / Daumen","fehlt","niedrig","","",""
"72","Langer speichenseitiger Handstrecker","Musculus extensor carpi radialis longus","Unterarm / Handgelenk","fehlt","niedrig","","",""
"73","Kurzer speichenseitiger Handstrecker","Musculus extensor carpi radialis brevis","Unterarm / Handgelenk","fehlt","niedrig","","",""
"74","Ellenseitiger Handstrecker","Musculus extensor carpi ulnaris","Unterarm / Handgelenk","fehlt","niedrig","","",""
"75","Fingerstrecker","Musculus extensor digitorum","Unterarm / Hand","fehlt","niedrig","","",""
"76","Kleinfingerstrecker","Musculus extensor digiti minimi","Unterarm / Hand","fehlt","niedrig","","",""
"77","Zeigefingerstrecker","Musculus extensor indicis","Unterarm / Hand","fehlt","niedrig","","",""
"78","Langer Daumenstrecker","Musculus extensor pollicis longus","Unterarm / Daumen","fehlt","niedrig","","",""
"79","Kurzer Daumenstrecker","Musculus extensor pollicis brevis","Unterarm / Daumen","fehlt","niedrig","","",""
"80","Langer Daumenabspreizer","Musculus abductor pollicis longus","Unterarm / Daumen","fehlt","niedrig","","",""
"81","Kurzer Daumenabspreizer","Musculus abductor pollicis brevis","Hand / Daumen","fehlt","niedrig","","",""
"82","Kurzer Daumenbeuger","Musculus flexor pollicis brevis","Hand / Daumen","fehlt","niedrig","","",""
"83","Daumengegensteller","Musculus opponens pollicis","Hand / Daumen","fehlt","niedrig","","",""
"84","Daumenanzieher","Musculus adductor pollicis","Hand / Daumen","fehlt","niedrig","","",""
"85","Kleinfingerabspreizer","Musculus abductor digiti minimi (manus)","Hand","fehlt","niedrig","","",""
"86","Kurzer Kleinfingerbeuger","Musculus flexor digiti minimi brevis (manus)","Hand","fehlt","niedrig","","",""
"87","Kleinfingergegensteller","Musculus opponens digiti minimi","Hand","fehlt","niedrig","","",""
"88","Wurmmuskeln der Hand","Musculi lumbricales manus","Hand","fehlt","niedrig","","",""
"89","Handrücken-Zwischenknochenmuskeln","Musculi interossei dorsales manus","Hand","fehlt","niedrig","","",""
"90","Hohlhand-Zwischenknochenmuskeln","Musculi interossei palmares","Hand","fehlt","niedrig","","",""
"91","Großer Lendenmuskel","Musculus psoas major","Hüfte / Becken","fehlt","niedrig","","",""
"92","Kleiner Lendenmuskel","Musculus psoas minor","Hüfte / Becken","fehlt","niedrig","","",""
"93","Darmbeinmuskel","Musculus iliacus","Hüfte / Becken","fehlt","niedrig","","",""
"94","Großer Gesäßmuskel","Musculus gluteus maximus","Gesäß / Hüfte","vorhanden","hoch","gluteus-maximus","M. gluteus maximus","1"
"95","Mittlerer Gesäßmuskel","Musculus gluteus medius","Gesäß / Hüfte","vorhanden","hoch","gluteus-medius","M. gluteus medius","2"
"96","Kleiner Gesäßmuskel","Musculus gluteus minimus","Gesäß / Hüfte","vorhanden","hoch","gluteus-minimus","M. gluteus minimus","2"
"97","Schenkelbindenspanner","Musculus tensor fasciae latae","Hüfte / Oberschenkel","vorhanden","hoch","tensor-fasciae-latae","M. tensor fasciae latae","1"
"98","Birnenförmiger Muskel","Musculus piriformis","Gesäß / Hüfte","vorhanden","hoch","piriformis","M. piriformis","1"
"99","Innerer Hüftlochmuskel","Musculus obturatorius internus","Becken / Hüfte","fehlt","niedrig","","",""
"100","Äußerer Hüftlochmuskel","Musculus obturatorius externus","Becken / Hüfte","fehlt","niedrig","","",""
"101","Oberer Zwillingsmuskel","Musculus gemellus superior","Gesäß / Hüfte","fehlt","niedrig","","",""
"102","Unterer Zwillingsmuskel","Musculus gemellus inferior","Gesäß / Hüfte","fehlt","niedrig","","",""
"103","Quadratischer Schenkelmuskel","Musculus quadratus femoris","Gesäß / Hüfte","fehlt","niedrig","","",""
"104","Schneidermuskel","Musculus sartorius","Oberschenkel","fehlt","niedrig","","",""
"105","Gerader Oberschenkelmuskel","Musculus rectus femoris","Oberschenkel","fehlt","niedrig","","",""
"106","Äußerer breiter Oberschenkelmuskel","Musculus vastus lateralis","Oberschenkel","fehlt","niedrig","","",""
"107","Innerer breiter Oberschenkelmuskel","Musculus vastus medialis","Oberschenkel","fehlt","niedrig","","",""
"108","Mittlerer breiter Oberschenkelmuskel","Musculus vastus intermedius","Oberschenkel","vorhanden","hoch","vastus-intermedius","M. vastus intermedius","1"
"109","Kniegelenkmuskel","Musculus articularis genus","Oberschenkel / Knie","fehlt","niedrig","","",""
"110","Kamm-Muskel","Musculus pectineus","Hüfte / Oberschenkel","fehlt","niedrig","","",""
"111","Langer Schenkelanzieher","Musculus adductor longus","Oberschenkel","fehlt","niedrig","","",""
"112","Kurzer Schenkelanzieher","Musculus adductor brevis","Oberschenkel","fehlt","niedrig","","",""
"113","Großer Schenkelanzieher","Musculus adductor magnus","Oberschenkel","fehlt","niedrig","","",""
"114","Schlanker Muskel","Musculus gracilis","Oberschenkel","fehlt","niedrig","","",""
"115","Zweiköpfiger Oberschenkelmuskel","Musculus biceps femoris","Oberschenkel","fehlt","niedrig","","",""
"116","Halbsehnenmuskel","Musculus semitendinosus","Oberschenkel","fehlt","niedrig","","",""
"117","Halbmembranmuskel","Musculus semimembranosus","Oberschenkel","fehlt","niedrig","","",""
"118","Vorderer Schienbeinmuskel","Musculus tibialis anterior","Unterschenkel","fehlt","niedrig","","",""
"119","Langer Großzehenstrecker","Musculus extensor hallucis longus","Unterschenkel / Fuß","fehlt","niedrig","","",""
"120","Langer Zehenstrecker","Musculus extensor digitorum longus","Unterschenkel / Fuß","fehlt","niedrig","","",""
"121","Dritter Wadenbeinmuskel","Musculus fibularis tertius","Unterschenkel / Fuß","fehlt","niedrig","","",""
"122","Langer Wadenbeinmuskel","Musculus fibularis longus","Unterschenkel / Fuß","fehlt","niedrig","","",""
"123","Kurzer Wadenbeinmuskel","Musculus fibularis brevis","Unterschenkel / Fuß","fehlt","niedrig","","",""
"124","Zweiköpfiger Wadenmuskel","Musculus gastrocnemius","Unterschenkel / Wade","fehlt","niedrig","","",""
"125","Schollenmuskel","Musculus soleus","Unterschenkel / Wade","fehlt","niedrig","","",""
"126","Fußsohlenmuskel","Musculus plantaris","Unterschenkel / Wade","fehlt","niedrig","","",""
"127","Kniekehlenmuskel","Musculus popliteus","Knie / Unterschenkel","fehlt","niedrig","","",""
"128","Hinterer Schienbeinmuskel","Musculus tibialis posterior","Unterschenkel / Fuß","fehlt","niedrig","","",""
"129","Langer Zehenbeuger","Musculus flexor digitorum longus","Unterschenkel / Fuß","fehlt","niedrig","","",""
"130","Langer Großzehenbeuger","Musculus flexor hallucis longus","Unterschenkel / Fuß","fehlt","niedrig","","",""
"131","Kurzer Zehenstrecker","Musculus extensor digitorum brevis","Fuß","fehlt","niedrig","","",""
"132","Kurzer Großzehenstrecker","Musculus extensor hallucis brevis","Fuß","fehlt","niedrig","","",""
"133","Großzehenabspreizer","Musculus abductor hallucis","Fuß","fehlt","niedrig","","",""
"134","Kurzer Zehenbeuger","Musculus flexor digitorum brevis","Fuß","fehlt","niedrig","","",""
"135","Kleinzehenabspreizer","Musculus abductor digiti minimi (pedis)","Fuß","fehlt","niedrig","","",""
"136","Quadratischer Sohlenmuskel","Musculus quadratus plantae","Fuß","fehlt","niedrig","","",""
"137","Wurmmuskeln des Fußes","Musculi lumbricales pedis","Fuß","fehlt","niedrig","","",""
"138","Kurzer Großzehenbeuger","Musculus flexor hallucis brevis","Fuß","fehlt","niedrig","","",""
"139","Großzehenanzieher","Musculus adductor hallucis","Fuß","fehlt","niedrig","","",""
"140","Kurzer Kleinzehenbeuger","Musculus flexor digiti minimi brevis (pedis)","Fuß","fehlt","niedrig","","",""
"141","Fußrücken-Zwischenknochenmuskeln","Musculi interossei dorsales pedis","Fuß","fehlt","niedrig","","",""
"142","Fußsohlen-Zwischenknochenmuskeln","Musculi interossei plantares","Fuß","fehlt","niedrig","","",""
"143","Beckenbodenheber","Musculus levator ani","Beckenboden","fehlt","niedrig","","",""
"144","Steißbeinmuskel","Musculus coccygeus","Beckenboden","fehlt","niedrig","","",""
"145","Äußerer Afterschließmuskel","Musculus sphincter ani externus","Beckenboden","fehlt","niedrig","","",""
"146","Tiefe quere Dammmuskulatur","Musculus transversus perinei profundus","Beckenboden","fehlt","niedrig","","",""
"147","Oberflächlicher querer Dammmuskel","Musculus transversus perinei superficialis","Beckenboden","fehlt","niedrig","","",""
"148","Sitzbein-Schwellkörper-Muskel","Musculus ischiocavernosus","Beckenboden","fehlt","niedrig","","",""
"149","Schwellkörpermuskel","Musculus bulbospongiosus","Beckenboden","fehlt","niedrig","","",""
"150","Äußerer Harnröhrenschließmuskel","Musculus sphincter urethrae externus","Beckenboden","fehlt","niedrig","","",""